usage_date,project_id,project_name,service,sku,region,usage_amount,usage_unit,cost,credit
2026-10-01,app-prod,Application Production,Compute Engine,N2 Instance Core,us-central1,120,hours,8.40,-2.40
2026-10-01,app-prod,Application Production,Cloud Storage,Standard Storage,us-east1,250,GB-month,2.10,-0.50
2026-10-01,data-prod,Data Production,BigQuery,Analysis Processing,US,850,GB,4.25,-1.50
2026-10-01,web-prod,Web Production,Compute Engine,E2 Instance Core,us-east1,180,hours,5.40,-5.40
2026-10-02,app-prod,Application Production,Cloud SQL,PostgreSQL Instance,us-central1,24,hours,6.80,-2.40
2026-10-02,data-prod,Data Production,Cloud Storage,Standard Storage,us-east1,400,GB-month,3.20,-1.00
2026-10-02,web-prod,Web Production,Cloud Run,CPU Allocation,us-east1,900,seconds,3.15,-3.15
2026-10-02,app-prod,Application Production,BigQuery,Analysis Processing,US,1200,GB,6.00,-2.40
2026-10-03,data-prod,Data Production,Compute Engine,N2 Instance Core,asia-south1,100,hours,5.25,-2.00
2026-10-03,web-prod,Web Production,Cloud Storage,Standard Storage,asia-south1,300,GB-month,2.88,-2.88
2026-10-03,app-prod,Application Production,Cloud Run,CPU Allocation,us-central1,700,seconds,2.75,-1.20
2026-10-03,data-prod,Data Production,Cloud SQL,PostgreSQL Instance,asia-south1,24,hours,4.40,-1.10
